sec,longitud,Proteina_entrada,Proteina_Gen_idGen
"MAIEKTLSIVKPNAVKKNVIGDIYSRFEKAGLKIVAAKMTQLDDDRAGGFYEEHKARPFF
GELVEFMTSGPVLIQVLEGENAVALNREIMGATNPENAAEGTIRKDFADSLSENAVHGSD
STESAAREIAYFFDAAEIFSR",141,C5BLW3,TERTU_2637
"MAIERTFSIVKPDAVSKNLIGAIYNRFESAGLKVIAAKMLHMSSEQAAGFYAEHQGKPFY
DGLVSFMTSGPVMVQVLEGEDAIRRHREIMGATNPKEALAGTLRACYAESIDRNAVHGSD
APASAAREIAYFFSDDEICPRG",142,A4SP05,ASA_2603
"MAIERTFSMIKPDATKRNLTGAITKMLEDAGLRVVASKRVWMSRREAEGFYAVHKDRPFF
GELVEGMTSGPTVVQVLEGEGAILKNREIMGATNPANAAEGTIRKVHALSIGENSVHGSD
APETAAQEIKYWFSDTEIVG",140,Q2KA61,RHE_CH01472
"MEKTFAIIKPDAFAAGNAGKILARIYQEGFTVIGLKKLCMSQREAEGFYAVHNKKPFFAE
LTKFMSSGPCIVMVLEAEGCIGKWRDLMGATNPADAKPGSLRREFGTIVGENATHGSDAP
ETAAVELEYFFSGLELL",137,Q6ALU8,DP1948
"MEQTLSIIKPDSVGKAHIGEIIAIFEKSGLRIAAMKMVHLSVKEAEGFYVVHKERPFFQE
LVDFMISGPVVVMVLQGENAVARNRELMGATNPKEAAEGSIRALFGESIGVNAVHGSDSL
ENAAIEVSYFFAKTEVVNSVA",141,B0BCD9,CTLon_0757
"MERTFAIIKPDAVERRLAGTVIDRIEANGFTIVGMKKIKLSKEQAGGFYCVHRERPFFGE
LCDFMSRSPVIVLCLEKENAIADWRKLMGATNPANAEPGTIRRDFALSLSENSAHGSDAP
ETAAFEIAYFFNALELV",137,A1AU17,Ppro_3244
"MERTLIIVKPDAVQRGLVGEVLRRLEQRGLRFVGLKLMKVDREVAERHYAEHRGKPFYED
LLAFITSGPVVVGVVEGPRAIEITRKTMGKTDPAQAEPGTIRGDLALTIGQNVIHGSDSP
EKASYEIGLFFREDELVSYERAIDRWIMG",149,B9L159,trd_1770
"MERTLTILKPDCVRKQLIGAVIDKIERAGFRVVAMKKTKLTAQTAGEFYAVHSQRPFYGE
LVEFMSSGPCVPMILEKENAVADFRTLIGATDPAEAAEGTIRNLFADSKGENIIHGSDSA
ENAQIEAGFFFSTEEAVRVNN",141,B4S573,PAES_2009
"MRKHVLAASFSMLSLLVIMGDTDSKTDSSFIMDSDPRRCMRHHYVDSISHPLYKCSSKMV
LLARCEGHCSQASRSEPLVSFSTVLKQPFRSSCHCCRPQTSKLKALRLRCSGGMRLTATY
RYILSCHCEECNS",133,Q00604,EVR2
"MSVERTLILVKPDGVSRGLVGEVVGRLERKGLTLVALELRTLERSVAETHYGEHASKPFF
GELVDFITSGPLVALVAEGPRAVEASRGLIGATDPVKAAPGSLRGDYALEIGQNLVHGSD
SPESAKREIDLFFPGLS",137,Q2JDQ4,Francci3_1210
